date,total_clones,unique_cloners,last_updated
2025-10-06,3,3,2025-10-18 08:17:20 UTC
2025-10-07,253,87,2025-10-18 08:17:20 UTC
2025-10-08,205,73,2025-10-18 08:17:20 UTC
2025-10-09,114,42,2025-10-18 08:17:20 UTC
2025-10-10,16,7,2025-10-18 08:17:20 UTC
2025-10-11,6,4,2025-10-18 08:17:20 UTC
2025-10-12,7,5,2025-10-18 08:17:20 UTC
2025-10-13,6,3,2025-10-18 08:17:20 UTC
2025-10-14,22,11,2025-10-18 08:17:20 UTC
2025-10-15,13,7,2025-10-18 08:17:20 UTC
2025-10-16,6,3,2025-10-18 08:17:20 UTC
2025-10-17,8,4,2025-10-18 08:17:20 UTC
